Project;ncommits;nauthors;from;to;nstars;nforks;lastGHCommitDate;LongestGapStart;LongestGapEnd;LongestGapLength;NumCommitsAfterLastGap;ActivityPattern;NumberOfGapsInTimeline;BeforeThemes;AfterThemes;HypothesizedGapReason;HasRecovered;WhyRecovered;WhoRecovered;Currentstatus;RecentThemes;Notes
activitymonitoring_biobankaccelerometeranalysis;1284;42;2014-08-07 18:54:34;2025-10-31 10:05:05;251;71;2025-11-10;2018-02;2018-11;10;868;irregular;4;Documentation updates:Bug fixes;Documentation updates:Feature development;"Likely development pause during larger refactoring; no explicit cause stated.";Yes;Returned with a major upgrade adding activity classification, refactoring, documentation, and utilities.;Returning and new contributors;Active;Bug fixes:Feature development;Activity is irregular with a 10-month longest gap. It later picked back up with refactoring, documentation, fixes, and new features.
alpscore_alpscore;5025;75;2003-05-06 17:17:45;2026-05-10 07:42:18;114;46;2026-09-25;2023-10;2025-01;16;42;declining;9;Bug fixes:Feature development;Dependency updates:Bug fixes;"Likely maintenance lull after build and C++ compatibility work; no explicit cause stated.";Yes;Returned for CI, dependency, GTest, Eigen, and CMake modernization.;Returning and new contributors;Active;Bug fixes:Dependency updates;Activity generally declines and the longest gap was 16 months. Work returned mostly around CI, build tools, and dependency updates.
bluescarni_mppp;3877;13;2015-12-14 01:10:28;2024-12-10 11:20:09;321;29;2024-12-10;2022-12;2023-10;11;111;irregular;3;Documentation updates:Feature development;Other:Bug fixes;"Likely development pause following release and API work; no explicit cause stated.";Yes;Returned with CI and build-system cleanup.;Same contributors;Inactive;Bug fixes:Release;Activity is irregular and the longest gap was 11 months. Work resumed with CI and build changes, but the project is currently inactive.
chembl_fpsim2;934;13;2018-10-22 00:17:20;2025-09-06 09:35:56;184;24;2026-02-26;2020-10;2021-08;11;299;declining;7;Bug fixes:Documentation updates;Bug fixes:Dependency updates;"Likely maintenance pause after bug-fix and search improvements; no explicit cause stated.";Yes;Returned to address bugs, Python 3.10/Windows compatibility, CI, and setup changes.;Same contributors;Active;Feature development:Dependency updates;Activity declines overall and the longest gap was 11 months. Recent recovery work focused on fixes, compatibility, CI, and dependencies.
cnes_cars;3748;100;2020-07-08 12:50:21;2026-04-15 09:52:35;398;48;2026-09-18;2022-03;2022-03;1;3065;rising;0;Bug fixes:Dependency updates;Bug fixes:Dependency updates;Short one-month pause during an active bug-fix and CI maintenance period.;Yes;Development resumed with pylint, Dockerfile, dependency, and CI fixes.;Returning and new contributors;Active;Bug fixes:Feature development;Activity is rising and there were no gaps of at least three months. The project remains active with fixes, testing, CI work, and new features.
mivion_swisseph;318;27;2012-05-17 08:54:55;2025-05-13 07:06:30;239;87;2025-05-13;2012-08;2013-08;13;205;declining;13;Bug fixes:Release;Documentation updates:Dependency updates;"Likely maintenance pause after 0.4.x release work; no explicit cause stated.";Yes;Returned with documentation, license, dependency cleanup, and Swisseph 2.0.0 work.;Returning and new contributors;Active;Dependency updates:Automated bot contributions;Activity declines and the longest gap was 13 months. Work later returned through dependency, documentation, and compatibility updates.
nasa-pds_harvest;1283;32;2012-01-30 19:03:59;2026-03-30 15:07:29;6;3;2026-09-21;2017-05;2017-08;4;1055;rising;6;Release:Feature development;Release:Feature development;Likely pause between release/development cycles.;Yes;Returned for Build 8a release work, Build 8b development, and new metadata features.;Same contributors;Active;Dependency updates:Feature development;Activity is rising despite a few short gaps. The longest gap was followed by release work and new development.
niklastr_promise;940;13;2017-08-21 20:19:19;2025-04-21 12:32:33;0;0;2025-04-21;2022-02;2025-03;38;1;declining;4;Other:Feature development;Documentation updates;"Long development pause after repository cleanup and segmentation work; no explicit cause stated.";Yes (limited);Only a README update followed the gap, so evidence of renewed development is limited.;Same contributors;Active;Feature development:Other;The project had a 38-month gap and activity generally declined. Only a README update followed the gap, so the recovery appears limited.
sinzlab_nndichromacy;467;13;2020-05-16 21:55:16;2024-09-03 22:24:47;8;7;2024-06-10;2022-10;2023-12;15;17;U-Shaped;2;Documentation updates:Other;Feature development:Bug fixes;"Likely development pause after documentation and data-link maintenance; no explicit cause stated.";Yes;Returned with model weights, training changes, and new model features.;Same contributors;Inactive;Feature development:Dependency updates;Activity is U-shaped with a 15-month longest gap. Development returned with model and training changes, but the project is currently inactive.
ubarsc_python-fmask;372;16;2015-09-15 06:34:54;2025-03-26 04:37:47;79;24;2026-02-24;2020-10;2021-09;12;100;steady;9;Documentation updates:Bug fixes;Feature development:Bug fixes;"Likely post-release maintenance pause after version 0.5.5; no explicit cause stated.";Yes;Returned for ESA radiometric-offset support, version 0.5.6, metadata fixes, and build maintenance.;Returning and new contributors;Inactive;Documentation updates:Bug fixes;Activity is fairly steady despite several gaps, including a 12-month longest gap. Work resumed with fixes, imagery support, and maintenance changes.
